Model,RMSE,MAE,R2
Random Forest,0.007188522445521553,0.0016039583728555307,0.9953478000952015
Gradient Boosting,0.006598314717313744,0.0017314516028064171,0.9960803692690919
